Bib,First Name,Last Name,gender,age,city,state,emergency_name,emergency_phone
1,Darcie,Tailby,F,85,Ogden,UT,Wenona Tailby,8013799459
2,Burgess,Whithorn,M,44,Aurora,CO,Carce Whithorn,3031958235
3,Aharon,Morten,M,70,Phoenix,AZ,Silvan Morten,6024438385
4,Bobbye,Iceton,F,77,Colorado Springs,CO,Britt Iceton,7195178176
5,Silvan,Pavlishchev,M,18,Washington,DC,Erwin Pavlishchev,2029405607
6,Barbaraanne,Gawthrop,F,32,Corpus Christi,TX,Rickie Gawthrop,3615728874
7,Ashla,Pote,F,80,Detroit,MI,Charo Pote,3135329675
8,Mareah,Bonny,F,54,Kansas City,MO,Rasla Bonny,8166795124
9,Sam,Corris,F,23,Philadelphia,PA,Masha Corris,2673134420
10,Skipton,Rubinshtein,F,87,Los Angeles,CA,Cammie Rubinshtein,5624447679
11,Sidoney,Stapels,F,42,Erie,PA,Ariana Stapels,8141625265
12,Tadd,Darnell,F,19,Salt Lake City,UT,Kamila Darnell,8014174020
13,Aldous,Brideau,M,51,Fresno,CA,Carlo Brideau,5598113008
14,Enoch,Verick,M,77,Vancouver,WA,Consalve Verick,3608327728
15,Lynnett,Awmack,M,24,Paterson,NJ,Hank Awmack,9736706129
16,Gery,Shrimpling,M,74,Spartanburg,SC,Edgard Shrimpling,8648228239
17,Frannie,Lezemere,F,62,Houston,TX,Kerstin Lezemere,2813895576
18,Pearce,Osgar,M,89,Birmingham,AL,Lisle Osgar,2052427759
19,Piotr,Faux,F,76,Washington,DC,Belle Faux,2028610359
20,Mamie,Pancost,F,37,Atlanta,GA,Pauly Pancost,4048510908
21,Kev,McKniely,M,84,Los Angeles,CA,Rodney McKniely,8186629792
22,Dani,Dunaway,M,30,Savannah,GA,Pattin Dunaway,9121496825
23,Cully,Juggings,F,53,Peoria,IL,Alene Juggings,3091315457
24,Lucian,Vant,M,52,Erie,PA,Kienan Vant,8145630518
25,Raffarty,Arundale,F,83,Newton,MA,Risa Arundale,5081761820
26,Corbie,Biles,M,42,Green Bay,WI,Gery Biles,9201652508
27,Dennis,Ellerton,F,60,Harrisburg,PA,Veriee Ellerton,7178392580
28,Kerstin,Chape,M,64,Tallahassee,FL,Ernesto Chape,8508289139
29,Mark,Gutcher,F,24,Reno,NV,Megen Gutcher,7751614096
30,Camille,Feakins,M,37,Irving,TX,Rollin Feakins,8171552523
31,Kippy,Meconi,M,63,Portland,OR,Niven Meconi,5034606884
32,Thorpe,Swayne,M,46,North Las Vegas,NV,Nevins Swayne,7029977853
33,Pattin,Boakes,M,33,Denver,CO,Thorpe Boakes,3039437596
34,Corine,Tink,F,63,Hartford,CT,Jenna Tink,8608958854
35,Winonah,Gimber,F,35,Fort Worth,TX,Cariotta Gimber,8174529382
36,Roderic,Roydon,M,60,Jamaica,NY,Pearce Roydon,2127581349
37,Valera,Coddrington,M,88,Phoenix,AZ,Sheppard Coddrington,6024476358
38,Cecilia,Schoales,M,49,Nashville,TN,Yorker Schoales,6155462969
39,Jerri,Malecky,F,84,Lincoln,NE,Hulda Malecky,4021492451
40,Thom,Ibanez,M,18,Peoria,IL,Leland Ibanez,3091080301
41,Cosetta,Presidey,M,19,Denver,CO,Mannie Presidey,3039716984
42,Kimbra,Berfoot,M,39,Jamaica,NY,Vinny Berfoot,2122942129
43,Geoffry,Kesteven,M,70,Santa Clara,CA,Dillie Kesteven,9497900618
44,Nerita,Ainger,F,25,Montgomery,AL,Julee Ainger,3343544771
45,Egor,Deyenhardt,M,21,Bridgeport,CT,Osbourn Deyenhardt,2036924971
46,Willard,Eakin,M,76,Alexandria,VA,Powell Eakin,2028358949
47,Gregorius,Thewles,F,40,Stamford,CT,Reena Thewles,2036570771
48,Cariotta,Anstey,F,64,Anchorage,AK,Donielle Anstey,9078183579
49,Pippo,Cumine,F,47,Fairfax,VA,Felicia Cumine,5714264447
50,Viviana,Fullwood,M,41,Philadelphia,PA,Rriocard Fullwood,2155828422
51,Silvio,Hughson,F,71,Houston,TX,Morissa Hughson,7134936986
52,Roman,Troillet,M,81,Oakland,CA,Hinze Troillet,5105529446
53,Trenna,Brandom,F,70,Springfield,MO,Halie Brandom,4178166857
54,Kat,Cathrae,F,39,Hicksville,NY,Robbie Cathrae,5166306652
55,Leicester,Bernt,M,86,Glendale,AZ,Vic Bernt,6025882095
56,Arlan,Licari,M,55,South Lake Tahoe,CA,Trevar Licari,5304410306
57,Booth,Durie,M,67,Oceanside,CA,Colman Durie,7605814720
58,Tabor,Sturney,F,56,Birmingham,AL,Clemmy Sturney,2059525152
59,Anders,Ledgley,F,55,Daytona Beach,FL,Suzanna Ledgley,3863225241
60,Jannel,Moultrie,M,42,Englewood,CO,Geoffry Moultrie,3038170518
61,Vilma,Coldham,M,75,Trenton,NJ,Sinclair Coldham,6092040291
62,Anthiathia,Lawday,F,26,Huntsville,TX,Roxine Lawday,9367643942
63,Grantham,Di Dello,M,24,Philadelphia,PA,Brad Di Dello,2153212265
64,Selby,Oliva,F,78,Honolulu,HI,Kathrine Oliva,8089713961
65,Hobard,Lockey,F,50,Savannah,GA,Mandie Lockey,9124572533
66,Johanna,Patriche,M,44,San Diego,CA,Poul Patriche,6198440082
67,Floyd,Wilds,M,62,Seattle,WA,Kelvin Wilds,2063107292
68,Roderick,Kenington,M,72,West Palm Beach,FL,Rollie Kenington,5617007216
69,Aluino,Jenoure,M,35,Memphis,TN,Ward Jenoure,9013873049
70,Charo,O'Brallaghan,M,39,Tampa,FL,Arne O'Brallaghan,8131334503
71,Cris,Joris,F,85,Orlando,FL,Valera Joris,4071234098
72,Vic,Unthank,F,18,Little Rock,AR,Dani Unthank,5012699371
73,Axe,Kenion,M,83,Riverside,CA,Garfield Kenion,9095315415
74,Yuma,Froude,M,54,Newark,NJ,Holt Froude,9733808900
75,Oswell,Swallwell,F,34,Nashville,TN,Berry Swallwell,6152659687
76,Rodi,Ramsby,M,86,Rochester,NY,Falito Ramsby,5858982089
77,Marion,Elfitt,F,38,Trenton,NJ,Rhianon Elfitt,6099923990
78,Bernadina,Romaines,M,43,San Francisco,CA,Floyd Romaines,5626589494
79,Antoinette,Tattersall,M,86,Garland,TX,Ashley Tattersall,9725739254
80,Carce,Kidd,F,44,Washington,DC,Jeralee Kidd,2027037213
81,Bronson,Glede,M,58,Orlando,FL,Grange Glede,4076599161
82,Una,Syson,M,35,San Antonio,TX,Raffaello Syson,2107224341
83,Ezra,Hayter,M,89,Louisville,KY,Othello Hayter,5029371756
84,Rriocard,Downing,M,61,Louisville,KY,Raffarty Downing,5027883748
85,Niven,Lorkin,F,87,Fort Wayne,IN,Jane Lorkin,2601824472
86,Lynnette,MacGarvey,M,83,Des Moines,IA,Kellby MacGarvey,5153276863
87,Irvin,Gotmann,M,21,Pasadena,CA,Kev Gotmann,6269505025
88,Fonsie,Castellanos,F,34,Charlotte,NC,Bobbye Castellanos,7046530290
89,Dennie,Overington,M,52,Miami,FL,Cointon Overington,7863646168
90,Elysha,Flintiff,F,89,Jackson,MS,Averil Flintiff,6019551676
91,Bradley,Thrustle,M,74,Durham,NC,Roderic Thrustle,4344391577
92,Shawn,Brisco,F,43,Charleston,WV,Dennie Brisco,3048639062
93,Edvard,Phizackerly,M,66,Denver,CO,Krispin Phizackerly,3031384733
94,Lenette,Sinyard,M,88,Daytona Beach,FL,Joachim Sinyard,4072022632
95,Annadiana,Pikhno,M,49,Columbus,GA,Jase Pikhno,7068574981
96,Sarine,Lorait,M,39,Henderson,NV,Frannie Lorait,7021308334
97,Holt,Skirlin,M,70,Lexington,KY,Zane Skirlin,8592393726
98,Gavra,Tivolier,F,18,Akron,OH,Kali Tivolier,3309969659
99,Magdaia,Whitwell,M,58,Fort Wayne,IN,Cullen Whitwell,2603725354
100,Aila,Smardon,F,40,Berkeley,CA,Michaella Smardon,5103712676
101,Raine,Jakubowicz,F,85,Columbia,SC,Cordi Jakubowicz,8033418041
102,Hamnet,Caldow,M,19,Amarillo,TX,Grantham Caldow,8064697078
103,Inglis,Comusso,M,63,New Orleans,LA,Truman Comusso,5049913063
104,Dawna,Baal,F,29,Stamford,CT,Dalenna Baal,2037953509
105,Lisle,Shitliffe,M,27,Huntington,WV,Dael Shitliffe,3041385344
106,Cele,Eburah,F,69,Akron,OH,Shannah Eburah,3308727598
107,Adiana,Dibble,M,36,Hartford,CT,Gar Dibble,8601157974
108,Clarine,Bende,F,25,Huntsville,TX,Danyette Bende,9366961403
109,Kara-lynn,Ocklin,F,32,Daytona Beach,FL,Alex Ocklin,3863486478
110,Lianne,Dorwood,F,18,Bethesda,MD,Laurene Dorwood,3018080137
111,Mannie,Breffitt,M,60,Virginia Beach,VA,Toddie Breffitt,7573073474
112,Ozzy,Pauley,F,22,Monroe,LA,Angelita Pauley,3187521758
113,Gunar,Scowcraft,F,22,Columbus,OH,Lynnett Scowcraft,6142884291
114,Kathrine,Jendrich,M,59,Dayton,OH,Even Jendrich,9379559642
115,Jon,Hannah,F,49,Chicago,IL,Beverly Hannah,7731646454
116,Phoebe,Hayes,F,57,Crawfordsville,IN,Camille Hayes,7653074084
117,Madelon,Gannan,F,60,Lincoln,NE,Maris Gannan,4025879176
118,Louie,Kacheller,M,83,Roanoke,VA,Oswell Kacheller,5406279759
119,Vasily,Solomon,M,50,Nashville,TN,Giff Solomon,6159762823
120,Cammie,Buffham,M,27,Dayton,OH,Tedmund Buffham,9374405899
121,Angil,Caldeyroux,M,88,Lexington,KY,Ulick Caldeyroux,8594562316
122,Bearnard,Sonner,F,74,San Diego,CA,Raychel Sonner,6199630796
123,Irving,Martina,F,61,Muncie,IN,Rubia Martina,7657612295
124,Anette,Copello,F,33,Scottsdale,AZ,Orelee Copello,6029060142
125,Joline,Schutt,F,50,San Antonio,TX,Allegra Schutt,2101677988
126,Raoul,Ibberson,F,58,Orlando,FL,Lenette Ibberson,4073180069
127,Adelaide,Bremen,F,70,Davenport,IA,Lisette Bremen,5637076514
128,Micheal,Roy,F,72,Bethesda,MD,Lianne Roy,2409926811
129,Hedvig,Norsister,F,36,Bridgeport,CT,Ashly Norsister,2036671467
130,Gib,Twort,F,40,Reston,VA,Fidelia Twort,5718719219
131,Wald,Leppingwell,M,58,San Diego,CA,Dorey Leppingwell,9496725110
132,Corina,Shearmur,M,89,Washington,DC,Vernor Shearmur,2024868486
133,Danyette,Antczak,M,52,Gulfport,MS,Shepard Antczak,2288405602
134,Kit,Kleinert,F,28,Dearborn,MI,Elane Kleinert,3133308456
135,Welsh,Bazylets,F,28,Houston,TX,Aila Bazylets,7138286698
136,Emlynne,Goggins,M,87,Oklahoma City,OK,Mark Goggins,4052724813
137,Aleta,Gallard,F,36,Fort Worth,TX,Sascha Gallard,8176200280
138,Sheffy,Boanas,M,32,Oklahoma City,OK,Connie Boanas,4056911231
139,Court,Crose,M,90,Washington,DC,Lek Crose,2023885236
140,Ernesto,Ditzel,F,86,Indianapolis,IN,Jermaine Ditzel,3172331401
141,Levi,Sirkett,M,58,West Palm Beach,FL,Burgess Sirkett,5615305760
142,Shelby,Stonman,M,26,Bronx,NY,Hamnet Stonman,9176326374
143,Halley,Caswill,F,57,Brooklyn,NY,Corine Caswill,2122187445
144,Milicent,MacArte,M,42,Atlanta,GA,Woodman MacArte,7706810199
145,Crichton,Lune,F,37,Houston,TX,Johanna Lune,7136797085
146,Garv,Itskovitz,F,55,Toledo,OH,Dawna Itskovitz,4193612889
147,Bren,Takis,M,24,Laurel,MD,Emmery Takis,3013360990
148,Ward,Hatherley,F,52,Akron,OH,Deanna Hatherley,3303073419
149,Galven,Lohan,M,38,Jefferson City,MO,Barry Lohan,5733997477
150,Katuscha,Phinn,F,51,Charleston,SC,Rubia Phinn,8438472762
151,Maurita,Fullegar,M,47,Atlanta,GA,Graham Fullegar,4043262887
152,Susanetta,Alder,F,21,Gainesville,FL,Eve Alder,3522244458
153,Kevon,Offener,M,30,Mesa,AZ,Franky Offener,6027377115
154,Zackariah,Arbuckel,M,64,Amarillo,TX,Consalve Arbuckel,8069077546
155,Gery,Heaysman,M,34,Phoenix,AZ,Troy Heaysman,6028954230
156,Rosco,Clink,M,83,Raleigh,NC,Reube Clink,9191453460
157,Rasla,Calbreath,M,70,Pasadena,CA,Osbert Calbreath,6264663050
158,Isaak,Delgaty,F,31,Spokane,WA,Adelaide Delgaty,5093463285
159,Anthiathia,Boow,F,33,Seattle,WA,Julie Boow,2063550064
160,Che,Denial,M,82,New York City,NY,Kenon Denial,2128471356
161,Westley,Charlwood,M,41,Saint Paul,MN,Willard Charlwood,6519124919
162,Frederick,Tuffey,F,71,Anchorage,AK,Ginevra Tuffey,9072463357
163,Jan,Lineham,M,23,Elizabeth,NJ,Pavel Lineham,9082606691
164,Amberly,Younie,M,35,Charlottesville,VA,Bengt Younie,5405459424
165,Brandise,Wadge,M,25,Winston Salem,NC,Feliks Wadge,3366764532
166,Carlene,Bairnsfather,F,90,Wilkes Barre,PA,Chryste Bairnsfather,5701888613
167,Baxy,Duerden,M,31,Oklahoma City,OK,Barton Duerden,4051398734
168,Dugald,Farrier,M,32,Roanoke,VA,Bay Farrier,5408920125
169,Natalee,Ahrens,F,56,Milwaukee,WI,Kerrin Ahrens,4145694731
170,Dieter,Macieja,M,72,Appleton,WI,Jareb Macieja,9204237210
171,Mandie,Gemson,F,85,Jacksonville,FL,Guenevere Gemson,9044651640
172,Evita,Aldus,M,69,Yonkers,NY,Brand Aldus,9143343037
173,Raychel,Chilton,M,28,Seattle,WA,Casper Chilton,2063450911
174,Constantina,Swindell,F,53,Sacramento,CA,Ofelia Swindell,9161243092
175,Ethelbert,Main,M,82,Jacksonville,FL,Leicester Main,9042255844
176,Fanni,Llewellyn,M,54,Hartford,CT,Aldous Llewellyn,8601559210
177,Jeralee,Ubsdell,M,84,North Hollywood,CA,Ulrick Ubsdell,3235022010
178,Inness,Oates,M,69,Oakland,CA,Irvin Oates,5101222742
179,Joshuah,Rene,F,86,New Orleans,LA,Odelinda Rene,5042099734
180,Berry,Iggulden,F,25,Boulder,CO,Golda Iggulden,3035151993
181,Chrisse,Bassett,F,86,Huntington,WV,Hettie Bassett,3041523933
182,Sharity,Sainsberry,F,66,Tucson,AZ,Blondell Sainsberry,5203995821
183,Brad,Margach,F,31,Wilkes Barre,PA,Eleanor Margach,5707293842
184,Cordi,Peachey,M,21,Sarasota,FL,Son Peachey,9411230788
185,Gale,MacGahey,F,29,Gary,IN,Bren MacGahey,2199056458
186,Broderic,Breawood,M,57,Winston Salem,NC,Axe Breawood,3365412055
187,Hillie,Harms,M,26,Evansville,IN,Hunter Harms,8122915992
188,Henri,Hennington,F,29,Kansas City,MO,Carley Hennington,8161219933
189,Gerry,Kermode,M,74,Largo,FL,Gery Kermode,7277035269
190,Gabe,Vayro,F,81,Youngstown,OH,Valenka Vayro,3302803302
191,Edy,Jewitt,M,85,Saginaw,MI,Levi Jewitt,9898210185
192,Thom,Glendza,M,35,Boston,MA,Raoul Glendza,6171554264
193,Carmelle,Oldaker,M,56,Hot Springs National Park,AR,Hobard Oldaker,5017820942
194,Marylynne,Darrigone,F,36,Reston,VA,Peri Darrigone,7031864350
195,Zared,Praundlin,F,66,Ashburn,VA,Gwen Praundlin,5711994090
196,Tedmund,Woollacott,M,37,San Angelo,TX,Che Woollacott,3254501973
197,Dedie,Yitzhakov,F,82,Flint,MI,Kara-lynn Yitzhakov,8107143196
198,Dalenna,Huxham,F,33,Houston,TX,Hedvig Huxham,7131098450
199,Alis,Pettigrew,M,47,San Francisco,CA,Tadd Pettigrew,4155053753
200,Gaston,Davenhill,F,49,Jersey City,NJ,Shay Davenhill,2012545722
201,Connie,Kaesmans,M,59,Brooklyn,NY,Rainer Kaesmans,7188366470
202,Feliks,Skingle,M,24,Atlanta,GA,Isaak Skingle,4048044399
203,Cross,Mussilli,M,54,Richmond,VA,Roderick Mussilli,8046538151
204,Shem,Le Barr,M,35,Huntington,WV,Ringo Le Barr,3046995563
205,Merwyn,Salter,F,61,Scranton,PA,Giuditta Salter,5701754013
206,Coral,Grzeszczak,M,29,North Port,FL,Thorvald Grzeszczak,9412490940
207,Woodman,Baile,F,30,Shreveport,LA,Rois Baile,3183704772
208,Kellby,Winspurr,M,55,Cumming,GA,Brnaby Winspurr,7068936283
209,Carine,Zuan,F,57,Mesa,AZ,Natalee Zuan,4806983483
210,Leland,Lukas,F,67,Washington,DC,Marleen Lukas,2022299159
211,Bank,Farrier,F,58,Washington,DC,Evita Farrier,2029547887
212,Vanny,Dollin,F,36,Washington,DC,Vanny Dollin,2022104226
213,Zane,Skelhorne,F,44,Buffalo,NY,Chlo Skelhorne,7166128501
214,Steven,Jakubowsky,M,46,Cleveland,OH,Court Jakubowsky,2166622635
215,Ferdinande,Soldi,F,28,Springfield,MA,Nerita Soldi,4139277879
216,Swen,Puleque,F,71,Waterbury,CT,Milicent Puleque,2034208044
217,Cecilla,Ecles,F,40,Tucson,AZ,Sharity Ecles,5201280977
218,Hinze,Maymand,F,46,Decatur,GA,Lynnette Maymand,4044379313
219,Chloe,Whittleton,F,55,Syracuse,NY,Maxie Whittleton,3154816612
220,Carver,Zelner,M,67,Memphis,TN,Aluino Zelner,9012765711
221,Giuditta,Swalteridge,M,41,Milwaukee,WI,Joshia Swalteridge,4142548009
222,Osbert,Penna,F,69,Garland,TX,Sorcha Penna,4693758045
223,Lurline,McKenney,F,53,Columbia,SC,Joline McKenney,8038590050
224,Mavis,Kinnane,F,52,Colorado Springs,CO,Mavis Kinnane,7195500562
225,Belle,Collete,M,27,Little Rock,AR,Thaddeus Collete,5019462333
226,Darwin,Rowth,F,26,Richmond,VA,Elise Rowth,8042754232
227,Marleen,Benedito,F,82,Irvine,CA,Jannel Benedito,9494892195
228,Ashly,Pead,M,54,Chicago,IL,Cully Pead,3122000854
229,Morissa,Beller,F,35,Fort Myers,FL,Cosetta Beller,2395461771
230,Rollin,Sherville,F,24,San Francisco,CA,Romola Sherville,4158511117
231,Lisette,Silk,F,36,Charleston,SC,Amberly Silk,8435196205
232,Troy,Hannum,M,21,Lexington,KY,Krishna Hannum,8599934073
233,Giff,Seacroft,M,81,Washington,DC,Chester Seacroft,2022440350
234,Guenevere,MacBain,F,82,Jacksonville,FL,Kippy MacBain,9042101168
235,Chaddy,Ovendale,M,87,Kingsport,TN,Bank Ovendale,4234732883
236,Sheppard,Ennor,M,78,Pittsburgh,PA,Harlen Ennor,4123608458
237,Lowell,Foch,F,48,Philadelphia,PA,Kare Foch,2156578096
238,Dael,Hamnett,M,24,El Paso,TX,Mackenzie Hamnett,9154839882
239,Franky,Lohan,M,54,Louisville,KY,Jerri Lohan,5026793725
240,Arlyn,Bestman,M,86,Houston,TX,Jon Bestman,2816697247
241,Hank,Adamovitz,F,21,Nashville,TN,Kaitlin Adamovitz,6152720389
242,Gwen,Ingilson,M,41,Los Angeles,CA,Adrien Ingilson,8181587709
243,Helenelizabeth,Tessington,F,78,San Francisco,CA,Raine Tessington,4153096688
244,Nettle,Skyme,F,38,Portsmouth,NH,Elizabet Skyme,6037809675
245,Clemmy,Cupitt,M,66,Norfolk,VA,Vladamir Cupitt,7578969935
246,Rickie,Aucott,M,20,Birmingham,AL,Bronson Aucott,2053783809
247,Barton,Verman,F,57,Redwood City,CA,Fulvia Verman,6506766028
248,Cullen,Cranmore,F,55,Portland,OR,Ferdinande Cranmore,9712804370
249,Wenona,Cosens,M,64,Grand Forks,ND,Omero Cosens,7019137581
250,Esta,Stadding,M,28,Nashville,TN,Fonsie Stadding,6154746864
251,Chryste,Spellard,M,41,Buffalo,NY,Cornelius Spellard,7164611664
252,Homere,Robinett,F,68,Denver,CO,Corina Robinett,3035664460
253,Sorcha,Peetermann,M,52,Raleigh,NC,Selby Peetermann,9198525964
254,Sascha,Tollit,M,31,Alexandria,VA,Henri Tollit,5713132067
255,Tallou,Bartosik,M,52,Sacramento,CA,Max Bartosik,9167585431
256,Alex,Vallens,F,25,Montpelier,VT,Phoebe Vallens,8022593164
257,Powell,Philippault,F,62,Orlando,FL,Gerry Philippault,3212130602
258,Casper,Redhole,F,23,Washington,DC,Katuscha Redhole,2021074570
259,Blondell,Rubega,M,56,North Little Rock,AR,Vasily Rubega,5013217579
260,Pascal,Bustin,M,35,Denver,CO,Sholom Bustin,7209459888
261,Allegra,Bridson,M,28,Spokane,WA,Arlan Bridson,5092098270
262,Ashley,Betchley,M,42,Sioux City,IA,Lawton Betchley,7127201762
263,Harlen,McCabe,F,81,Austin,TX,Mareah McCabe,5123458172
264,Lawton,Wolffers,F,86,North Las Vegas,NV,Jaine Wolffers,7029098129
265,Sashenka,Cooke,M,48,Dallas,TX,Clerc Cooke,9038227484
266,Nelson,Kenworthey,M,39,Santa Monica,CA,Hillie Kenworthey,8188459352
267,Dasya,Treend,F,29,Fort Worth,TX,Ina Treend,6822545588
268,Rois,Stears,F,67,Tampa,FL,Yasmin Stears,8137033029
269,Vinny,Legg,M,72,Fort Wayne,IN,Humbert Legg,2608098883
270,Son,Jecks,M,45,Chicago,IL,Ozzy Jecks,7734648114
271,Humbert,Vannoni,M,69,San Antonio,TX,Milo Vannoni,2105549466
272,Ringo,Chadderton,F,75,Akron,OH,Bernadina Chadderton,2349279315
273,Rubia,Reyna,F,48,Los Angeles,CA,Manda Reyna,2137070301
274,Ailina,Stiant,M,37,New York City,NY,Anders Stiant,3479371464
275,Doloritas,Gogin,M,37,Boston,MA,Haskell Gogin,6178469382
276,Sholom,Leggott,M,25,New York City,NY,Craggie Leggott,3472362663
277,Odelinda,Strodder,M,58,Washington,DC,Goober Strodder,2028065882
278,Cully,Seedman,M,70,Salinas,CA,Hillie Seedman,8313429584
279,Hillie,Harfoot,M,68,Fort Lauderdale,FL,Gib Harfoot,7543558575
280,Shay,Maccraw,F,83,Flint,MI,Stacia Maccraw,8106708235
281,Blane,Pennoni,F,37,Colorado Springs,CO,Rodi Pennoni,7199657252
282,Purcell,Mulhall,M,75,Boise,ID,Homere Mulhall,2085719893
283,Deanna,Axelbey,M,51,Olympia,WA,Cris Axelbey,3606425797
284,Jermaine,Dabnor,M,23,Sacramento,CA,Ivar Dabnor,9166683201
285,Ferne,Maria,M,51,Topeka,KS,Broderic Maria,7856856504
286,Nevins,Levane,M,48,Boise,ID,Galven Levane,2089874966
287,Ulrick,Mathely,M,46,Anchorage,AK,Ezra Mathely,9077301338
288,Reube,Lardeur,F,75,Glendale,CA,Kit Lardeur,8185741630
289,Rainer,Kollasch,F,32,Schenectady,NY,Shandie Kollasch,5183155343
290,Rollie,Oades,M,42,Reno,NV,Burch Oades,7753162028
291,Errick,Bockett,F,89,Reno,NV,Mamie Bockett,7756190172
292,Pauly,Harfoot,M,52,Philadelphia,PA,Terrence Harfoot,2154935194
293,Holden,Colton,F,26,Aurora,IL,Magdaia Colton,3312103318
294,Dillie,Janic,F,72,Fort Worth,TX,Tallou Janic,6822386152
295,Reena,Voller,M,43,Lexington,KY,Thom Voller,8595613450
296,Tobiah,Danhel,F,50,Camden,NJ,Cele Danhel,8566776884
297,Jenna,Bonifant,F,81,Bronx,NY,Morganica Bonifant,7185533921
298,Laurene,Hunnybun,M,90,Philadelphia,PA,Arlan Hunnybun,2157587054
299,Ulick,Beresfore,M,50,Charlotte,NC,Bearnard Beresfore,7043312589
300,Max,Kupke,F,51,Portland,OR,Elysha Kupke,9719824982
301,Feodor,Dods,M,29,Dallas,TX,Yuma Dods,2147972047
302,Robbie,Haston,M,72,Mobile,AL,Si Haston,2519449883
303,Consalve,Waterstone,F,44,Salt Lake City,UT,Jan Waterstone,8019381151
304,Riley,Nassey,M,65,Boulder,CO,Izak Nassey,3039065515
305,Adrien,Stooders,F,62,El Paso,TX,Nettle Stooders,9156777360
306,Izak,Bouda,M,53,Hampton,VA,Ronnie Bouda,7571237211
307,Donielle,Gaynsford,F,26,Detroit,MI,Adey Gaynsford,3137558601
308,Vasili,Ferrao,M,22,Baton Rouge,LA,Trumann Ferrao,2257776752
309,Royce,Gillison,M,24,Grand Rapids,MI,Thayne Gillison,6168485195
310,Sinclair,Northidge,M,90,Columbia,MO,Welsh Northidge,5733693255
311,Falito,Roast,M,56,Des Moines,IA,Vasili Roast,5152949479
312,Shandie,Jesse,F,36,Boston,MA,Hayley Jesse,5082333214
313,Orelee,Beddoe,M,59,Spokane,WA,Crichton Beddoe,5095101376
314,Norine,Pritchitt,M,69,Winston Salem,NC,Jeremy Pritchitt,3362175274
315,Yasmin,Fludgate,F,88,Richmond,VA,Elsi Fludgate,8047711728
316,Manda,Thexton,F,74,Fort Lauderdale,FL,Madelon Thexton,7545474271
317,Chester,Ballance,M,87,Houston,TX,Chrisse Ballance,7135390778
318,Carl,Hadland,M,47,Sioux Falls,SD,Cully Hadland,6052688896
319,Hettie,Ferreo,F,58,Birmingham,AL,Halley Ferreo,2051038635
320,Hunter,Bohan,F,52,Tucson,AZ,Gavra Bohan,5208151847
321,Carlina,Crocumbe,M,43,Shawnee Mission,KS,Jakie Crocumbe,8166886623
322,Iona,Gillease,F,18,Cincinnati,OH,Anthiathia Gillease,5139968291
323,Kienan,Vassbender,F,84,El Paso,TX,Sashenka Vassbender,9151024873
324,Jobi,Gainfort,M,31,Trenton,NJ,Budd Gainfort,6098841439
325,Omero,Ritchings,M,66,Cape Coral,FL,Zackariah Ritchings,2396279469
326,Angus,Tarbert,F,52,Fort Wayne,IN,Iona Tarbert,2601385907
327,Vladamir,Holton,M,43,Columbus,GA,Michail Holton,7063704317
328,Even,Sprakes,F,64,Fort Worth,TX,Ailina Sprakes,8178769894
329,Anthiathia,Banishevitz,M,87,Washington,DC,Lucian Banishevitz,2025874253
330,Yolanda,Sunner,M,87,Raleigh,NC,Adriano Sunner,9197313653
331,Genevieve,Latliff,M,78,Charlotte,NC,Brockie Latliff,7045719261
332,Veriee,Colicot,F,88,Madison,WI,Lanna Colicot,6086305217
333,Arlan,Wiltshear,M,29,Indianapolis,IN,Chaddy Wiltshear,3179574114
334,Barrie,Ughetti,F,18,Houston,TX,Anthiathia Ughetti,2819590736
335,Rubia,Klimko,M,68,Memphis,TN,Sheffy Klimko,9018531928
336,Vale,Jozef,M,66,Rockford,IL,Shepherd Jozef,8152109053
337,Terrence,Chrispin,M,79,Lansing,MI,Piotr Chrispin,5172012794
338,Budd,Keneforde,M,83,Grand Rapids,MI,Lowell Keneforde,6168958202
339,Casandra,Domanski,M,40,Seattle,WA,Cross Domanski,2066952940
340,Felicia,Bortol,F,57,Migrate,KY,Adel Bortol,5023949814
341,Walsh,Bandy,F,25,Birmingham,AL,Mommy Bandy,2055471206
342,Othello,Stubbert,M,81,Pocatello,ID,Shawn Stubbert,2085770029
343,Carlo,Antonov,F,40,Chicago,IL,Chloe Antonov,3126249431
344,Willi,Coste,F,88,Wichita,KS,Darcie Coste,3163449483
345,Ofelia,Erdes,F,70,Baltimore,MD,Carlene Erdes,4108867657
346,Richmond,Stanex,M,25,Salt Lake City,UT,Gunar Stanex,8017330713
347,Angelita,Gager,F,88,Albuquerque,NM,Jennee Gager,5056788159
348,Allsun,Creus,M,26,Pasadena,CA,Silvio Creus,6263187285
349,Jakie,Tourry,M,54,Orlando,FL,Pascal Tourry,3216030681
350,Michaella,Fuentez,F,31,Fairbanks,AK,Helenelizabeth Fuentez,9071440334
351,Courtney,Goodbody,M,30,Rochester,NY,Derek Goodbody,5857773050
352,Hernando,Bierling,F,55,Saint Paul,MN,Trenna Bierling,9529485039
353,Mano,Pirolini,F,37,Bronx,NY,Cecilia Pirolini,9145061329
354,Elane,Bocke,F,36,Memphis,TN,Amanda Bocke,9014280812
355,Krispin,McWilliams,F,43,Cincinnati,OH,Vilma McWilliams,5131056121
356,Gabriellia,Gatecliff,M,21,Columbia,SC,Frederick Gatecliff,8037633173
357,Jase,Struan,F,83,Charlotte,NC,Gabriellia Struan,7046285389
358,Annamaria,Remirez,F,87,Tulsa,OK,Norine Remirez,9185269329
359,Bobette,Lamball,M,49,Albany,NY,Carver Lamball,5186641744
360,Chlo,Ridehalgh,M,18,Gadsden,AL,Feodor Ridehalgh,2565513565
361,Hayley,Hlavecek,F,51,New Orleans,LA,Bobette Hlavecek,9851142238
362,Milo,Sallows,F,64,Virginia Beach,VA,Fanni Sallows,7577839271
363,Elsi,Backshell,M,26,Springfield,IL,Angus Backshell,2176453051
364,Bay,Lougheed,F,84,New York City,NY,Constantina Lougheed,2127237253
365,Gayel,Della,M,38,Mount Vernon,NY,Shelby Della,9148787142
366,Roxine,Wedderburn,M,65,Houston,TX,Murry Wedderburn,7131335084
367,Corrina,Grannell,F,19,Arlington,VA,Anthiathia Grannell,5711448750
368,Trudi,Camilleri,F,19,Ocala,FL,Carine Camilleri,3528650058
369,Adel,Stancer,M,36,Odessa,TX,Trumann Stancer,4324426513
370,Shepherd,Werrilow,M,32,New Orleans,LA,Town Werrilow,5041515248
371,Ivar,Griffiths,M,83,Miami,FL,Martainn Griffiths,7861516085
372,Thayne,Slorance,M,81,Houston,TX,Quillan Slorance,7138269526
373,Derek,Teal,M,56,Glendale,CA,Swen Teal,8184926460
374,Town,Caddens,M,63,Charleston,WV,Mano Caddens,3042539544
375,Mackenzie,Fearick,M,54,Salt Lake City,UT,Thom Fearick,8011689452
376,Julee,Rainville,M,54,Los Angeles,CA,Orville Rainville,3107197198
377,Ariana,Hantusch,M,26,Indianapolis,IN,Aharon Hantusch,3175386513
378,Kelvin,Franklen,F,23,Delray Beach,FL,Brandise Franklen,5616519112
379,Pearla,Maes,F,55,Southfield,MI,Shandie Maes,7343235820
380,Antoni,Gallichiccio,M,31,Charlotte,NC,Bradley Gallichiccio,7048030230
381,Burch,Sebborn,F,58,Bowie,MD,Annamaria Sebborn,2407284868
382,Kali,Yurin,M,71,Bethesda,MD,Richmond Yurin,3015320955
383,Cointon,McCumesky,M,65,Washington,DC,Merwyn McCumesky,2021971198
384,Bengt,Aronov,M,45,New Orleans,LA,Holden Aronov,5049551413
385,Beverly,Samett,M,86,Knoxville,TN,Pippo Samett,8652793210
386,Erwin,Lorente,M,31,Montgomery,AL,Riley Lorente,3345508283
387,Ina,Bawme,M,69,Akron,OH,Wain Bawme,3301216169
388,Eugen,Anyon,F,75,San Francisco,CA,Pearla Anyon,4159671699
389,Jory,Seiter,F,19,Sarasota,FL,Coral Seiter,9411542337
390,Hussein,Devitt,M,42,Wilmington,DE,Gaston Devitt,3025952186
391,Truman,Buffham,F,86,Fort Worth,TX,Casandra Buffham,8178909058
392,Thorvald,Renhard,F,78,Durham,NC,Kat Renhard,9193097429
393,Joshia,Grinishin,F,30,Gainesville,FL,Yolanda Grinishin,3528693060
394,Emmery,Winterflood,M,79,South Bend,IN,Irving Winterflood,5747460144
395,Kamila,Greer,M,45,North Hollywood,CA,Egor Greer,3237432279
396,Tandie,Whettleton,M,69,Arlington,TX,Filip Whettleton,2148994021
397,Barry,Fanthom,M,78,Albany,NY,Tommie Fanthom,5183421679
398,Consalve,Sparway,M,28,Dallas,TX,Tobiah Sparway,9723851343
399,Valenka,Camous,F,66,Charleston,SC,Corrina Camous,8439202640
400,Martainn,Swanston,M,89,Washington,DC,Nelson Swanston,2023994036
401,Mommy,Leach,F,23,Bellevue,WA,Trudi Leach,2063053875
402,Hulda,Middle,M,60,Wilkes Barre,PA,Courtney Middle,5708101606
403,Halie,Wellfare,F,50,Washington,DC,Adoree Wellfare,2025813417
404,Maxie,Poulett,M,74,Portland,OR,Rosco Poulett,5038611332
405,Eleanor,Britt,M,22,Virginia Beach,VA,Walker Britt,7577755171
406,Suzanna,Embury,M,26,Springfield,MO,Steven Embury,4177441602
407,Kerrin,Pirdue,M,45,Orlando,FL,Inglis Pirdue,4077549419
408,Risa,Ravel,F,48,Spokane,WA,Sandi Ravel,5099816375
409,Pavel,Stoves,M,57,Wilmington,NC,Antoni Stoves,9108884522
410,Brnaby,Bygrave,M,26,Des Moines,IA,Royce Bygrave,5154454915
411,Alene,Cant,F,22,Springfield,IL,Tandie Cant,2175514303
412,Tommie,Bott,F,44,Harrisburg,PA,Annadiana Bott,7179258006
413,Carley,Sicha,F,56,Sacramento,CA,Esta Sicha,9166263538
414,Shandie,Lamacraft,F,34,Rockford,IL,Una Lamacraft,8155192738
415,Garfield,Greenshields,F,74,New Orleans,LA,Ashla Greenshields,5049991006
416,Trevar,Ianni,M,76,Kansas City,KS,Baxy Ianni,9138358921
417,Ronnie,Windous,F,71,Amarillo,TX,Alis Windous,8065167285
418,Shannah,Wylder,F,42,Worcester,MA,Clarine Wylder,7748381808
419,Masha,Stonbridge,F,22,Washington,DC,Susanetta Stonbridge,2026204421
420,Ginevra,Hurt,F,46,Washington,DC,Anette Hurt,2021161140
421,Rutger,Keetley,F,51,Muskegon,MI,Winonah Keetley,2316987496
422,Lek,Franzke,M,29,Tyler,TX,Purcell Franzke,9031125989
423,Clemence,Londing,M,27,Colorado Springs,CO,Corbie Londing,7191556285
424,Raffaello,Stancliffe,M,74,Austin,TX,Dennis Stancliffe,5122400645
425,Joachim,Belcham,M,86,Little Rock,AR,Errick Belcham,5012109827
426,Wain,Valti,F,87,Lancaster,PA,Aloisia Valti,7172802189
427,Julie,Haliburn,F,38,Springfield,MA,Gale Haliburn,4138230304
428,Craggie,Dury,F,79,Oakland,CA,Marion Dury,4156524610
429,Trumann,Duckit,M,71,Mobile,AL,Enoch Duckit,2519261244
430,Maris,Cluatt,F,34,San Antonio,TX,Doloritas Cluatt,2109999969
431,Floyd,Cawdery,M,82,Albuquerque,NM,Wald Cawdery,5058934317
432,Walker,Folkerts,M,32,Columbia,SC,Micheal Folkerts,8039359052
433,Iago,Alejo,F,70,Columbia,SC,Clemence Alejo,8034783137
434,Romola,Harmeston,F,18,Johnstown,PA,Carlina Harmeston,8147002239
435,Michail,Haslock(e),M,76,Simi Valley,CA,Willi Haslock(e),8051086422
436,Fulvia,Dowrey,F,77,Baltimore,MD,Lurline Dowrey,4106982612
437,Trumann,Bracknell,M,42,Dayton,OH,Kevon Bracknell,9374749067
438,Jaine,Screach,M,78,Tampa,FL,Dugald Screach,8137329941
439,Lanna,Cammis,M,87,Columbus,MS,Shem Cammis,6621719874
440,Clerc,Gilbart,F,25,Burbank,CA,Maurita Gilbart,8186821415
441,Rodney,Zuann,F,38,Minneapolis,MN,Viviana Zuann,6125397098
442,Elise,Cooper,F,78,Albuquerque,NM,Marsha Cooper,5053855136
443,Dorey,Caurah,F,21,Las Vegas,NV,Sidoney Caurah,7028207310
444,Peri,Kampshell,M,23,Miami,FL,Shaine Kampshell,3057631150
445,Adey,Carney,M,34,Utica,NY,Dieter Carney,3158834053
446,Quillan,Jevon,F,42,Columbus,OH,Elsie Jevon,6143881203
447,Jane,Buff,M,76,Fort Worth,TX,Booth Buff,8179785713
448,Kenon,Lorenz,M,31,Little Rock,AR,Iago Lorenz,5012708414
449,Leopold,Randal,F,40,San Francisco,CA,Barbaraanne Randal,4152739614
450,Aloisia,Davioud,M,84,Greenville,SC,Zared Davioud,8643822332
451,Burt,Briance,M,54,Houston,TX,Jory Briance,7134345260
452,Haskell,Stanfield,M,69,Asheville,NC,Hernando Stanfield,8282206916
453,Goober,Dymock,F,77,Charleston,WV,Vale Dymock,3048689026
454,Edgard,Galsworthy,F,22,Sacramento,CA,Allsun Galsworthy,9167828579
455,Eve,O'Moylane,M,32,Philadelphia,PA,Rutger O'Moylane,2157129812
456,Osbourn,Dubbin,M,78,Harrisburg,PA,Sam Dubbin,7176611889
457,Amanda,Grzeskowski,F,29,Detroit,MI,Arlyn Grzeskowski,3136061392
458,Kare,Cumber,F,34,Dayton,OH,Sarine Cumber,9377272332
459,Krishna,Clayworth,M,30,Seattle,WA,Austen Clayworth,2069360736
460,Austen,Werrilow,F,66,Houston,TX,Antoinette Werrilow,2818271700
461,Poul,Gorini,F,24,Petaluma,CA,Kittie Gorini,7075689239
462,Elizabet,Uttley,F,20,Southfield,MI,Marylynne Uttley,7348238010
463,Rhianon,Scandrite,F,42,Paterson,NJ,Kimbra Scandrite,8628291191
464,Grange,Hamnett,M,78,Washington,DC,Floyd Hamnett,2025120207
465,Harwell,Vigne,F,41,Charlottesville,VA,Dasya Vigne,4345895893
466,Brand,Barnhart,M,64,Waco,TX,Eugen Barnhart,2545719923
467,Vernor,Immins,F,61,Jackson,MS,Genevieve Immins,6011102734
468,Shaine,Tyrie,M,68,Saint Paul,MN,Burt Tyrie,6514081773
469,Sandi,Beeho,F,19,Charlotte,NC,Carmelle Beeho,7046663635
470,Golda,Carrivick,M,21,Columbus,OH,Gregorius Carrivick,6144811003
471,Kaitlin,Wharlton,M,75,Birmingham,AL,Leopold Wharlton,2054225464
472,Adoree,Bjerkan,M,63,Chattanooga,TN,Tabor Bjerkan,4231258240
473,Si,Molen,F,45,El Paso,TX,Emlynne Molen,9154391093
474,Colman,Wilcinskis,F,39,Wichita,KS,Barrie Wilcinskis,3161130819
475,Filip,Pover,F,21,Humble,TX,Dedie Pover,7134960008
476,Elsie,Plumer,M,29,Montgomery,AL,Edvard Plumer,3341743184
477,Yorker,Woolis,F,61,Cincinnati,OH,Aleta Woolis,5135678478
478,Cornelius,Taudevin,M,59,Palmdale,CA,Louie Taudevin,6618124588
479,Shepard,Mcimmie,M,87,Boston,MA,Blane Mcimmie,3185768240
480,Fidelia,Miskimmon,M,66,Glendale,AZ,Hussein Miskimmon,6026228702
481,Jennee,Wildblood,F,23,Syracuse,NY,Jobi Wildblood,3156549581
482,Kittie,Delouch,F,38,Savannah,GA,Angil Delouch,9126191064
483,Jareb,Kerwick,M,41,Austin,TX,Garv Kerwick,5124709740
484,Brockie,Pietruschka,F,72,Tampa,FL,Ferne Pietruschka,8136569843
485,Graham,Ivanenko,F,71,Henderson,NV,Cecilla Ivanenko,7027650330
486,Murry,Bumpus,F,56,Memphis,TN,Edy Bumpus,9018262889
487,Megen,Pinks,M,35,Pensacola,FL,Harwell Pinks,8501574579
488,Stacia,Pisco,M,55,Miami,FL,Ethelbert Pisco,7865662805
489,Jeremy,Gabbatiss,M,36,Pensacola,FL,Skipton Gabbatiss,8509419617
490,Adriano,Alflatt,M,56,Dallas,TX,Westley Alflatt,2147682921
491,Marsha,Humberston,M,47,Washington,DC,Inness Humberston,2029118264
492,Arne,Budding,M,65,Corpus Christi,TX,Darwin Budding,3617300550
493,Britt,Gowenlock,M,59,Boston,MA,Jone Gowenlock,6176073463
494,Morganica,Juszczak,M,66,Brooksville,FL,Gabe Juszczak,3525232618
495,Averil,Redholes,F,24,Dallas,TX,Adiana Redholes,2147040832
496,Orville,MacCoveney,M,90,El Paso,TX,Joshuah MacCoveney,9151499689
497,Jone,Dayer,F,69,Seattle,WA,Gayel Dayer,4255718532
498,Gar,Wastie,M,31,Atlanta,GA,Walsh Wastie,4046834767
499,Toddie,Pughe,M,38,Stockton,CA,Roman Pughe,2098084437
500,Thaddeus,Glazzard,M,65,Huntington Beach,CA,Carl Glazzard,5629339340
